code,tramo,nivel,warehouse_id,location_type
GC-P4-T22-N9,1069,1,1,STORAGE
GC-P4-T22-N8,1068,1,1,STORAGE
GC-P4-T22-N7,1067,1,1,STORAGE
GC-P4-T22-N6,1066,1,1,STORAGE
GC-P4-T22-N5,1065,1,1,STORAGE
GC-P4-T22-N4,1064,1,1,STORAGE
GC-P4-T22-N3,1063,1,1,STORAGE
GC-P4-T22-N20,1062,1,1,STORAGE
GC-P4-T22-N2,1061,1,1,STORAGE
GC-P4-T22-N19,1060,1,1,STORAGE
GC-P4-T22-N18,1059,1,1,STORAGE
GC-P4-T22-N17,1058,1,1,STORAGE
GC-P4-T22-N16,1057,1,1,STORAGE
GC-P4-T22-N15,1056,1,1,STORAGE
GC-P4-T22-N14,1055,1,1,STORAGE
GC-P4-T22-N13,1054,1,1,STORAGE
GC-P4-T22-N12,1053,1,1,STORAGE
GC-P4-T22-N11,1052,1,1,STORAGE
GC-P4-T22-N10,1051,1,1,STORAGE
GC-P4-T22-N1,1050,1,1,STORAGE
GC-P4-T21-N9,1049,1,1,STORAGE
GC-P4-T21-N8,1048,1,1,STORAGE
GC-P4-T21-N7,1047,1,1,STORAGE
GC-P4-T21-N6,1046,1,1,STORAGE
GC-P4-T21-N5,1045,1,1,STORAGE
GC-P4-T21-N4,1044,1,1,STORAGE
GC-P4-T21-N3,1043,1,1,STORAGE
GC-P4-T21-N2,1042,1,1,STORAGE
GC-P4-T21-N17,1041,1,1,STORAGE
GC-P4-T21-N16,1040,1,1,STORAGE
GC-P4-T21-N15,1039,1,1,STORAGE
GC-P4-T21-N14,1038,1,1,STORAGE
GC-P4-T21-N13,1037,1,1,STORAGE
GC-P4-T21-N12,1036,1,1,STORAGE
GC-P4-T21-N11,1035,1,1,STORAGE
GC-P4-T21-N10,1034,1,1,STORAGE
GC-P4-T21-N1,1033,1,1,STORAGE
GC-P4-T20-N9,1032,1,1,STORAGE
GC-P4-T20-N8,1031,1,1,STORAGE
GC-P4-T20-N7,1030,1,1,STORAGE
GC-P4-T20-N6,1029,1,1,STORAGE
GC-P4-T20-N5,1028,1,1,STORAGE
GC-P4-T20-N4,1027,1,1,STORAGE
GC-P4-T20-N3,1026,1,1,STORAGE
GC-P4-T20-N2,1025,1,1,STORAGE
GC-P4-T20-N16,1024,1,1,STORAGE
GC-P4-T20-N15,1023,1,1,STORAGE
GC-P4-T20-N14,1022,1,1,STORAGE
GC-P4-T20-N13,1021,1,1,STORAGE
GC-P4-T20-N12,1020,1,1,STORAGE
GC-P4-T20-N11,1019,1,1,STORAGE
GC-P4-T20-N10,1018,1,1,STORAGE
GC-P4-T20-N1,1017,1,1,STORAGE
GC-P4-T19-N9,1016,1,1,STORAGE
GC-P4-T19-N8,1015,1,1,STORAGE
GC-P4-T19-N7,1014,1,1,STORAGE
GC-P4-T19-N6,1013,1,1,STORAGE
GC-P4-T19-N5,1012,1,1,STORAGE
GC-P4-T19-N4,1011,1,1,STORAGE
GC-P4-T19-N3,1010,1,1,STORAGE
GC-P4-T19-N21,1009,1,1,STORAGE
GC-P4-T19-N20,1008,1,1,STORAGE
GC-P4-T19-N2,1007,1,1,STORAGE
GC-P4-T19-N19,1006,1,1,STORAGE
GC-P4-T19-N18,1005,1,1,STORAGE
GC-P4-T19-N17,1004,1,1,STORAGE
GC-P4-T19-N16,1003,1,1,STORAGE
GC-P4-T19-N15,1002,1,1,STORAGE
GC-P4-T19-N14,1001,1,1,STORAGE
GC-P4-T19-N13,1000,1,1,STORAGE
GC-P4-T19-N12,999,1,1,STORAGE
GC-P4-T19-N11,998,1,1,STORAGE
GC-P4-T19-N10,997,1,1,STORAGE
GC-P4-T19-N1,996,1,1,STORAGE
GC-P4-T18-N9,995,1,1,STORAGE
GC-P4-T18-N8,994,1,1,STORAGE
GC-P4-T18-N7,993,1,1,STORAGE
GC-P4-T18-N6,992,1,1,STORAGE
GC-P4-T18-N5,991,1,1,STORAGE
GC-P4-T18-N4,990,1,1,STORAGE
GC-P4-T18-N3,989,1,1,STORAGE
GC-P4-T18-N20,988,1,1,STORAGE
GC-P4-T18-N2,987,1,1,STORAGE
GC-P4-T18-N19,986,1,1,STORAGE
GC-P4-T18-N18,985,1,1,STORAGE
GC-P4-T18-N17,984,1,1,STORAGE
GC-P4-T18-N16,983,1,1,STORAGE
GC-P4-T18-N15,982,1,1,STORAGE
GC-P4-T18-N14,981,1,1,STORAGE
GC-P4-T18-N13,980,1,1,STORAGE
GC-P4-T18-N12,979,1,1,STORAGE
GC-P4-T18-N11,978,1,1,STORAGE
GC-P4-T18-N10,977,1,1,STORAGE
GC-P4-T18-N1,976,1,1,STORAGE
GC-P4-T17-N9,975,1,1,STORAGE
GC-P4-T17-N8,974,1,1,STORAGE
GC-P4-T17-N7,973,1,1,STORAGE
GC-P4-T17-N6,972,1,1,STORAGE
GC-P4-T17-N5,971,1,1,STORAGE
GC-P4-T17-N4,970,1,1,STORAGE
GC-P4-T17-N30,969,1,1,STORAGE
GC-P4-T17-N3,968,1,1,STORAGE
GC-P4-T17-N29,967,1,1,STORAGE
GC-P4-T17-N28,966,1,1,STORAGE
GC-P4-T17-N27,965,1,1,STORAGE
GC-P4-T17-N26,964,1,1,STORAGE
GC-P4-T17-N25,963,1,1,STORAGE
GC-P4-T17-N24,962,1,1,STORAGE
GC-P4-T17-N23,961,1,1,STORAGE
GC-P4-T17-N22,960,1,1,STORAGE
GC-P4-T17-N21,959,1,1,STORAGE
GC-P4-T17-N20,958,1,1,STORAGE
GC-P4-T17-N2,957,1,1,STORAGE
GC-P4-T17-N19,956,1,1,STORAGE
GC-P4-T17-N18,955,1,1,STORAGE
GC-P4-T17-N17,954,1,1,STORAGE
GC-P4-T17-N16,953,1,1,STORAGE
GC-P4-T17-N15,952,1,1,STORAGE
GC-P4-T17-N14,951,1,1,STORAGE
GC-P4-T17-N13,950,1,1,STORAGE
GC-P4-T17-N12,949,1,1,STORAGE
GC-P4-T17-N11,948,1,1,STORAGE
GC-P4-T17-N10,947,1,1,STORAGE
GC-P4-T17-N1,946,1,1,STORAGE
GC-P4-T16-N9,945,1,1,STORAGE
GC-P4-T16-N8,944,1,1,STORAGE
GC-P4-T16-N7,943,1,1,STORAGE
GC-P4-T16-N6,942,1,1,STORAGE
GC-P4-T16-N5,941,1,1,STORAGE
GC-P4-T16-N4,940,1,1,STORAGE
GC-P4-T16-N30,939,1,1,STORAGE
GC-P4-T16-N3,938,1,1,STORAGE
GC-P4-T16-N29,937,1,1,STORAGE
GC-P4-T16-N28,936,1,1,STORAGE
GC-P4-T16-N27,935,1,1,STORAGE
GC-P4-T16-N26,934,1,1,STORAGE
GC-P4-T16-N25,933,1,1,STORAGE
GC-P4-T16-N24,932,1,1,STORAGE
GC-P4-T16-N23,931,1,1,STORAGE
GC-P4-T16-N22,930,1,1,STORAGE
GC-P4-T16-N21,929,1,1,STORAGE
GC-P4-T16-N20,928,1,1,STORAGE
GC-P4-T16-N2,927,1,1,STORAGE
GC-P4-T16-N19,926,1,1,STORAGE
GC-P4-T16-N18,925,1,1,STORAGE
GC-P4-T16-N17,924,1,1,STORAGE
GC-P4-T16-N16,923,1,1,STORAGE
GC-P4-T16-N15,922,1,1,STORAGE
GC-P4-T16-N14,921,1,1,STORAGE
GC-P4-T16-N13,920,1,1,STORAGE
GC-P4-T16-N12,919,1,1,STORAGE
GC-P4-T16-N11,918,1,1,STORAGE
GC-P4-T16-N10,917,1,1,STORAGE
GC-P4-T16-N1,916,1,1,STORAGE
GC-P4-T15-N9,915,1,1,STORAGE
GC-P4-T15-N8,914,1,1,STORAGE
GC-P4-T15-N7,913,1,1,STORAGE
GC-P4-T15-N6,912,1,1,STORAGE
GC-P4-T15-N5,911,1,1,STORAGE
GC-P4-T15-N4,910,1,1,STORAGE
GC-P4-T15-N3,909,1,1,STORAGE
GC-P4-T15-N25,908,1,1,STORAGE
GC-P4-T15-N24,907,1,1,STORAGE
GC-P4-T15-N23,906,1,1,STORAGE
GC-P4-T15-N22,905,1,1,STORAGE
GC-P4-T15-N21,904,1,1,STORAGE
GC-P4-T15-N20,903,1,1,STORAGE
GC-P4-T15-N2,902,1,1,STORAGE
GC-P4-T15-N19,901,1,1,STORAGE
GC-P4-T15-N18,900,1,1,STORAGE
GC-P4-T15-N17,899,1,1,STORAGE
GC-P4-T15-N16,898,1,1,STORAGE
GC-P4-T15-N15,897,1,1,STORAGE
GC-P4-T15-N14,896,1,1,STORAGE
GC-P4-T15-N13,895,1,1,STORAGE
GC-P4-T15-N12,894,1,1,STORAGE
GC-P4-T15-N11,893,1,1,STORAGE
GC-P4-T15-N10,892,1,1,STORAGE
GC-P4-T15-N1,891,1,1,STORAGE
GC-P4-T14-N9,890,1,1,STORAGE
GC-P4-T14-N8,889,1,1,STORAGE
GC-P4-T14-N7,888,1,1,STORAGE
GC-P4-T14-N6,887,1,1,STORAGE
GC-P4-T14-N5,886,1,1,STORAGE
GC-P4-T14-N4,885,1,1,STORAGE
GC-P4-T14-N3,884,1,1,STORAGE
GC-P4-T14-N25,883,1,1,STORAGE
GC-P4-T14-N24,882,1,1,STORAGE
GC-P4-T14-N23,881,1,1,STORAGE
GC-P4-T14-N22,880,1,1,STORAGE
GC-P4-T14-N21,879,1,1,STORAGE
GC-P4-T14-N20,878,1,1,STORAGE
GC-P4-T14-N2,877,1,1,STORAGE
GC-P4-T14-N19,876,1,1,STORAGE
GC-P4-T14-N18,875,1,1,STORAGE
GC-P4-T14-N17,874,1,1,STORAGE
GC-P4-T14-N16,873,1,1,STORAGE
GC-P4-T14-N15,872,1,1,STORAGE
GC-P4-T14-N14,871,1,1,STORAGE
GC-P4-T14-N13,870,1,1,STORAGE
GC-P4-T14-N12,869,1,1,STORAGE
GC-P4-T14-N11,868,1,1,STORAGE
GC-P4-T14-N10,867,1,1,STORAGE
GC-P4-T14-N1,866,1,1,STORAGE
GC-P4-T13-N9,865,1,1,STORAGE
GC-P4-T13-N8,864,1,1,STORAGE
GC-P4-T13-N7,863,1,1,STORAGE
GC-P4-T13-N6,862,1,1,STORAGE
GC-P4-T13-N5,861,1,1,STORAGE
GC-P4-T13-N4,860,1,1,STORAGE
GC-P4-T13-N3,859,1,1,STORAGE
GC-P4-T13-N2,858,1,1,STORAGE
GC-P4-T13-N16,857,1,1,STORAGE
GC-P4-T13-N15,856,1,1,STORAGE
GC-P4-T13-N14,855,1,1,STORAGE
GC-P4-T13-N13,854,1,1,STORAGE
GC-P4-T13-N12,853,1,1,STORAGE
GC-P4-T13-N11,852,1,1,STORAGE
GC-P4-T13-N10,851,1,1,STORAGE
GC-P4-T13-N1,850,1,1,STORAGE
GC-P4-T12-N9,849,1,1,STORAGE
GC-P4-T12-N8,848,1,1,STORAGE
GC-P4-T12-N7,847,1,1,STORAGE
GC-P4-T12-N6,846,1,1,STORAGE
GC-P4-T12-N5,845,1,1,STORAGE
GC-P4-T12-N4,844,1,1,STORAGE
GC-P4-T12-N3,843,1,1,STORAGE
GC-P4-T12-N25,842,1,1,STORAGE
GC-P4-T12-N24,841,1,1,STORAGE
GC-P4-T12-N23,840,1,1,STORAGE
GC-P4-T12-N22,839,1,1,STORAGE
GC-P4-T12-N21,838,1,1,STORAGE
GC-P4-T12-N20,837,1,1,STORAGE
GC-P4-T12-N2,836,1,1,STORAGE
GC-P4-T12-N19,835,1,1,STORAGE
GC-P4-T12-N18,834,1,1,STORAGE
GC-P4-T12-N17,833,1,1,STORAGE
GC-P4-T12-N16,832,1,1,STORAGE
GC-P4-T12-N15,831,1,1,STORAGE
GC-P4-T12-N14,830,1,1,STORAGE
GC-P4-T12-N13,829,1,1,STORAGE
GC-P4-T12-N12,828,1,1,STORAGE
GC-P4-T12-N11,827,1,1,STORAGE
GC-P4-T12-N10,826,1,1,STORAGE
GC-P4-T12-N1,825,1,1,STORAGE
GC-P4-T11-N9,824,1,1,STORAGE
GC-P4-T11-N8,823,1,1,STORAGE
GC-P4-T11-N7,822,1,1,STORAGE
GC-P4-T11-N6,821,1,1,STORAGE
GC-P4-T11-N5,820,1,1,STORAGE
GC-P4-T11-N4,819,1,1,STORAGE
GC-P4-T11-N3,818,1,1,STORAGE
GC-P4-T11-N2,817,1,1,STORAGE
GC-P4-T11-N16,816,1,1,STORAGE
GC-P4-T11-N15,815,1,1,STORAGE
GC-P4-T11-N14,814,1,1,STORAGE
GC-P4-T11-N13,813,1,1,STORAGE
GC-P4-T11-N12,812,1,1,STORAGE
GC-P4-T11-N11,811,1,1,STORAGE
GC-P4-T11-N10,810,1,1,STORAGE
GC-P4-T11-N1,809,1,1,STORAGE
GC-P4-T10-N9,808,1,1,STORAGE
GC-P4-T10-N8,807,1,1,STORAGE
GC-P4-T10-N7,806,1,1,STORAGE
GC-P4-T10-N6,805,1,1,STORAGE
GC-P4-T10-N5,804,1,1,STORAGE
GC-P4-T10-N4,803,1,1,STORAGE
GC-P4-T10-N3,802,1,1,STORAGE
GC-P4-T10-N22,801,1,1,STORAGE
GC-P4-T10-N21,800,1,1,STORAGE
GC-P4-T10-N20,799,1,1,STORAGE
GC-P4-T10-N2,798,1,1,STORAGE
GC-P4-T10-N19,797,1,1,STORAGE
GC-P4-T10-N18,796,1,1,STORAGE
GC-P4-T10-N17,795,1,1,STORAGE
GC-P4-T10-N16,794,1,1,STORAGE
GC-P4-T10-N15,793,1,1,STORAGE
GC-P4-T10-N14,792,1,1,STORAGE
GC-P4-T10-N13,791,1,1,STORAGE
GC-P4-T10-N12,790,1,1,STORAGE
GC-P4-T10-N11,789,1,1,STORAGE
GC-P4-T10-N10,788,1,1,STORAGE
GC-P4-T10-N1,787,1,1,STORAGE
GC-P4-T09-N9,786,1,1,STORAGE
GC-P4-T09-N8,785,1,1,STORAGE
GC-P4-T09-N7,784,1,1,STORAGE
GC-P4-T09-N6,783,1,1,STORAGE
GC-P4-T09-N5,782,1,1,STORAGE
GC-P4-T09-N4,781,1,1,STORAGE
GC-P4-T09-N3,780,1,1,STORAGE
GC-P4-T09-N22,779,1,1,STORAGE
GC-P4-T09-N21,778,1,1,STORAGE
GC-P4-T09-N20,777,1,1,STORAGE
GC-P4-T09-N2,776,1,1,STORAGE
GC-P4-T09-N19,775,1,1,STORAGE
GC-P4-T09-N18,774,1,1,STORAGE
GC-P4-T09-N17,773,1,1,STORAGE
GC-P4-T09-N16,772,1,1,STORAGE
GC-P4-T09-N15,771,1,1,STORAGE
GC-P4-T09-N14,770,1,1,STORAGE
GC-P4-T09-N13,769,1,1,STORAGE
GC-P4-T09-N12,768,1,1,STORAGE
GC-P4-T09-N11,767,1,1,STORAGE
GC-P4-T09-N10,766,1,1,STORAGE
GC-P4-T09-N1,765,1,1,STORAGE
GC-P4-T08-N9,764,1,1,STORAGE
GC-P4-T08-N8,763,1,1,STORAGE
GC-P4-T08-N7,762,1,1,STORAGE
GC-P4-T08-N6,761,1,1,STORAGE
GC-P4-T08-N5,760,1,1,STORAGE
GC-P4-T08-N4,759,1,1,STORAGE
GC-P4-T08-N3,758,1,1,STORAGE
GC-P4-T08-N25,757,1,1,STORAGE
GC-P4-T08-N24,756,1,1,STORAGE
GC-P4-T08-N23,755,1,1,STORAGE
GC-P4-T08-N22,754,1,1,STORAGE
GC-P4-T08-N21,753,1,1,STORAGE
GC-P4-T08-N20,752,1,1,STORAGE
GC-P4-T08-N2,751,1,1,STORAGE
GC-P4-T08-N19,750,1,1,STORAGE
GC-P4-T08-N18,749,1,1,STORAGE
GC-P4-T08-N17,748,1,1,STORAGE
GC-P4-T08-N16,747,1,1,STORAGE
GC-P4-T08-N15,746,1,1,STORAGE
GC-P4-T08-N14,745,1,1,STORAGE
GC-P4-T08-N13,744,1,1,STORAGE
GC-P4-T08-N12,743,1,1,STORAGE
GC-P4-T08-N11,742,1,1,STORAGE
GC-P4-T08-N10,741,1,1,STORAGE
GC-P4-T08-N1,740,1,1,STORAGE
GC-P4-T07-N9,739,1,1,STORAGE
GC-P4-T07-N8,738,1,1,STORAGE
GC-P4-T07-N7,737,1,1,STORAGE
GC-P4-T07-N6,736,1,1,STORAGE
GC-P4-T07-N5,735,1,1,STORAGE
GC-P4-T07-N4,734,1,1,STORAGE
GC-P4-T07-N3,733,1,1,STORAGE
GC-P4-T07-N25,732,1,1,STORAGE
GC-P4-T07-N24,731,1,1,STORAGE
GC-P4-T07-N23,730,1,1,STORAGE
GC-P4-T07-N22,729,1,1,STORAGE
GC-P4-T07-N21,728,1,1,STORAGE
GC-P4-T07-N20,727,1,1,STORAGE
GC-P4-T07-N2,726,1,1,STORAGE
GC-P4-T07-N19,725,1,1,STORAGE
GC-P4-T07-N18,724,1,1,STORAGE
GC-P4-T07-N17,723,1,1,STORAGE
GC-P4-T07-N16,722,1,1,STORAGE
GC-P4-T07-N15,721,1,1,STORAGE
GC-P4-T07-N14,720,1,1,STORAGE
GC-P4-T07-N13,719,1,1,STORAGE
GC-P4-T07-N12,718,1,1,STORAGE
GC-P4-T07-N11,717,1,1,STORAGE
GC-P4-T07-N10,716,1,1,STORAGE
GC-P4-T07-N1,715,1,1,STORAGE
GC-P4-T06-N9,714,1,1,STORAGE
GC-P4-T06-N8,713,1,1,STORAGE
GC-P4-T06-N7,712,1,1,STORAGE
GC-P4-T06-N6,711,1,1,STORAGE
GC-P4-T06-N5,710,1,1,STORAGE
GC-P4-T06-N4,709,1,1,STORAGE
GC-P4-T06-N3,708,1,1,STORAGE
GC-P4-T06-N25,707,1,1,STORAGE
GC-P4-T06-N24,706,1,1,STORAGE
GC-P4-T06-N23,705,1,1,STORAGE
GC-P4-T06-N22,704,1,1,STORAGE
GC-P4-T06-N21,703,1,1,STORAGE
GC-P4-T06-N20,702,1,1,STORAGE
GC-P4-T06-N2,701,1,1,STORAGE
GC-P4-T06-N19,700,1,1,STORAGE
GC-P4-T06-N18,699,1,1,STORAGE
GC-P4-T06-N17,698,1,1,STORAGE
GC-P4-T06-N16,697,1,1,STORAGE
GC-P4-T06-N15,696,1,1,STORAGE
GC-P4-T06-N14,695,1,1,STORAGE
GC-P4-T06-N13,694,1,1,STORAGE
GC-P4-T06-N12,693,1,1,STORAGE
GC-P4-T06-N11,692,1,1,STORAGE
GC-P4-T06-N10,691,1,1,STORAGE
GC-P4-T06-N1,690,1,1,STORAGE
GC-P4-T05-N9,689,1,1,STORAGE
GC-P4-T05-N8,688,1,1,STORAGE
GC-P4-T05-N7,687,1,1,STORAGE
GC-P4-T05-N6,686,1,1,STORAGE
GC-P4-T05-N5,685,1,1,STORAGE
GC-P4-T05-N4,684,1,1,STORAGE
GC-P4-T05-N35,683,1,1,STORAGE
GC-P4-T05-N34,682,1,1,STORAGE
GC-P4-T05-N33,681,1,1,STORAGE
GC-P4-T05-N32,680,1,1,STORAGE
GC-P4-T05-N31,679,1,1,STORAGE
GC-P4-T05-N30,678,1,1,STORAGE
GC-P4-T05-N3,677,1,1,STORAGE
GC-P4-T05-N29,676,1,1,STORAGE
GC-P4-T05-N28,675,1,1,STORAGE
GC-P4-T05-N27,674,1,1,STORAGE
GC-P4-T05-N26,673,1,1,STORAGE
GC-P4-T05-N25,672,1,1,STORAGE
GC-P4-T05-N24,671,1,1,STORAGE
GC-P4-T05-N23,670,1,1,STORAGE
GC-P4-T05-N22,669,1,1,STORAGE
GC-P4-T05-N21,668,1,1,STORAGE
GC-P4-T05-N20,667,1,1,STORAGE
GC-P4-T05-N2,666,1,1,STORAGE
GC-P4-T05-N19,665,1,1,STORAGE
GC-P4-T05-N18,664,1,1,STORAGE
GC-P4-T05-N17,663,1,1,STORAGE
GC-P4-T05-N16,662,1,1,STORAGE
GC-P4-T05-N15,661,1,1,STORAGE
GC-P4-T05-N14,660,1,1,STORAGE
GC-P4-T05-N13,659,1,1,STORAGE
GC-P4-T05-N12,658,1,1,STORAGE
GC-P4-T05-N11,657,1,1,STORAGE
GC-P4-T05-N10,656,1,1,STORAGE
GC-P4-T05-N1,655,1,1,STORAGE
GC-P4-T04-N9,654,1,1,STORAGE
GC-P4-T04-N8,653,1,1,STORAGE
GC-P4-T04-N7,652,1,1,STORAGE
GC-P4-T04-N6,651,1,1,STORAGE
GC-P4-T04-N5,650,1,1,STORAGE
GC-P4-T04-N4,649,1,1,STORAGE
GC-P4-T04-N3,648,1,1,STORAGE
GC-P4-T04-N24,647,1,1,STORAGE
GC-P4-T04-N23,646,1,1,STORAGE
GC-P4-T04-N22,645,1,1,STORAGE
GC-P4-T04-N21,644,1,1,STORAGE
GC-P4-T04-N20,643,1,1,STORAGE
GC-P4-T04-N2,642,1,1,STORAGE
GC-P4-T04-N19,641,1,1,STORAGE
GC-P4-T04-N18,640,1,1,STORAGE
GC-P4-T04-N17,639,1,1,STORAGE
GC-P4-T04-N16,638,1,1,STORAGE
GC-P4-T04-N15,637,1,1,STORAGE
GC-P4-T04-N14,636,1,1,STORAGE
GC-P4-T04-N13,635,1,1,STORAGE
GC-P4-T04-N12,634,1,1,STORAGE
GC-P4-T04-N11,633,1,1,STORAGE
GC-P4-T04-N10,632,1,1,STORAGE
GC-P4-T04-N1,631,1,1,STORAGE
GC-P4-T03-N7,630,1,1,STORAGE
GC-P4-T03-N6,629,1,1,STORAGE
GC-P4-T03-N5,628,1,1,STORAGE
GC-P4-T03-N4,627,1,1,STORAGE
GC-P4-T03-N3,626,1,1,STORAGE
GC-P4-T03-N2,625,1,1,STORAGE
GC-P4-T03-N1,624,1,1,STORAGE
GC-P4-T02-N9,623,1,1,STORAGE
GC-P4-T02-N8,622,1,1,STORAGE
GC-P4-T02-N7,621,1,1,STORAGE
GC-P4-T02-N6,620,1,1,STORAGE
GC-P4-T02-N5,619,1,1,STORAGE
GC-P4-T02-N4,618,1,1,STORAGE
GC-P4-T02-N3,617,1,1,STORAGE
GC-P4-T02-N2,616,1,1,STORAGE
GC-P4-T02-N16,615,1,1,STORAGE
GC-P4-T02-N15,614,1,1,STORAGE
GC-P4-T02-N14,613,1,1,STORAGE
GC-P4-T02-N13,612,1,1,STORAGE
GC-P4-T02-N12,611,1,1,STORAGE
GC-P4-T02-N11,610,1,1,STORAGE
GC-P4-T02-N10,609,1,1,STORAGE
GC-P4-T02-N1,608,1,1,STORAGE
GC-P4-T01-PI,607,1,1,STORAGE
GC-P4-T01-G9,606,1,1,STORAGE
GC-P4-T01-G8,605,1,1,STORAGE
GC-P4-T01-G7,604,1,1,STORAGE
GC-P4-T01-G6,603,1,1,STORAGE
GC-P4-T01-G5,602,1,1,STORAGE
GC-P4-T01-G4,601,1,1,STORAGE
GC-P4-T01-G3,600,1,1,STORAGE
GC-P4-T01-G2,599,1,1,STORAGE
GC-P4-T01-G14,598,1,1,STORAGE
GC-P4-T01-G13,597,1,1,STORAGE
GC-P4-T01-G12,596,1,1,STORAGE
GC-P4-T01-G11,595,1,1,STORAGE
GC-P4-T01-G10,594,1,1,STORAGE
GC-P4-T01-G1,593,1,1,STORAGE
GC-P4-PA-07,592,1,1,STORAGE
GC-P4-PA-06,591,1,1,STORAGE
GC-P4-PA-05,590,1,1,STORAGE
GC-P4-PA-04,589,1,1,STORAGE
GC-P4-PA-03,588,1,1,STORAGE
GC-P4-PA-02,587,1,1,STORAGE
GC-P4-PA-01,586,1,1,STORAGE
GC-P3-RECEPCION,585,1,1,RECEIVING
GC-P3-C3-T16-N9,584,1,1,STORAGE
GC-P3-C3-T16-N8,583,1,1,STORAGE
GC-P3-C3-T16-N7,582,1,1,STORAGE
GC-P3-C3-T16-N6,581,1,1,STORAGE
GC-P3-C3-T16-N5,580,1,1,STORAGE
GC-P3-C3-T16-N4,579,1,1,STORAGE
GC-P3-C3-T16-N3,578,1,1,STORAGE
GC-P3-C3-T16-N28,577,1,1,STORAGE
GC-P3-C3-T16-N27,576,1,1,STORAGE
GC-P3-C3-T16-N26,575,1,1,STORAGE
GC-P3-C3-T16-N25,574,1,1,STORAGE
GC-P3-C3-T16-N24,573,1,1,STORAGE
GC-P3-C3-T16-N23,572,1,1,STORAGE
GC-P3-C3-T16-N22,571,1,1,STORAGE
GC-P3-C3-T16-N21,570,1,1,STORAGE
GC-P3-C3-T16-N20,569,1,1,STORAGE
GC-P3-C3-T16-N2,568,1,1,STORAGE
GC-P3-C3-T16-N19,567,1,1,STORAGE
GC-P3-C3-T16-N18,566,1,1,STORAGE
GC-P3-C3-T16-N17,565,1,1,STORAGE
GC-P3-C3-T16-N16,564,1,1,STORAGE
GC-P3-C3-T16-N15,563,1,1,STORAGE
GC-P3-C3-T16-N14,562,1,1,STORAGE
GC-P3-C3-T16-N13,561,1,1,STORAGE
GC-P3-C3-T16-N12,560,1,1,STORAGE
GC-P3-C3-T16-N11,559,1,1,STORAGE
GC-P3-C3-T16-N10,558,1,1,STORAGE
GC-P3-C3-T16-N1,557,1,1,STORAGE
GC-P3-C3-T15-N6,556,1,1,STORAGE
GC-P3-C3-T15-N5,555,1,1,STORAGE
GC-P3-C3-T15-N4,554,1,1,STORAGE
GC-P3-C3-T15-N3,553,1,1,STORAGE
GC-P3-C3-T15-N2,552,1,1,STORAGE
GC-P3-C3-T15-N1,551,1,1,STORAGE
GC-P3-C3-T14-N9,550,1,1,STORAGE
GC-P3-C3-T14-N8,549,1,1,STORAGE
GC-P3-C3-T14-N7,548,1,1,STORAGE
GC-P3-C3-T14-N6,547,1,1,STORAGE
GC-P3-C3-T14-N5,546,1,1,STORAGE
GC-P3-C3-T14-N4,545,1,1,STORAGE
GC-P3-C3-T14-N3,544,1,1,STORAGE
GC-P3-C3-T14-N2,543,1,1,STORAGE
GC-P3-C3-T14-N12,542,1,1,STORAGE
GC-P3-C3-T14-N11,541,1,1,STORAGE
GC-P3-C3-T14-N10,540,1,1,STORAGE
GC-P3-C3-T14-N1,539,1,1,STORAGE
GC-P3-C3-T13-N4,538,1,1,STORAGE
GC-P3-C3-T13-N3,537,1,1,STORAGE
GC-P3-C3-T13-N2,536,1,1,STORAGE
GC-P3-C3-T13-N1,535,1,1,STORAGE
GC-P3-C3-T12-N9,534,1,1,STORAGE
GC-P3-C3-T12-N8,533,1,1,STORAGE
GC-P3-C3-T12-N7,532,1,1,STORAGE
GC-P3-C3-T12-N6,531,1,1,STORAGE
GC-P3-C3-T12-N5,530,1,1,STORAGE
GC-P3-C3-T12-N4,529,1,1,STORAGE
GC-P3-C3-T12-N3,528,1,1,STORAGE
GC-P3-C3-T12-N2,527,1,1,STORAGE
GC-P3-C3-T12-N14,526,1,1,STORAGE
GC-P3-C3-T12-N13,525,1,1,STORAGE
GC-P3-C3-T12-N12,524,1,1,STORAGE
GC-P3-C3-T12-N11,523,1,1,STORAGE
GC-P3-C3-T12-N10,522,1,1,STORAGE
GC-P3-C3-T12-N1,521,1,1,STORAGE
GC-P3-C3-T11-N9,520,1,1,STORAGE
GC-P3-C3-T11-N8,519,1,1,STORAGE
GC-P3-C3-T11-N7,518,1,1,STORAGE
GC-P3-C3-T11-N6,517,1,1,STORAGE
GC-P3-C3-T11-N5,516,1,1,STORAGE
GC-P3-C3-T11-N4,515,1,1,STORAGE
GC-P3-C3-T11-N3,514,1,1,STORAGE
GC-P3-C3-T11-N2,513,1,1,STORAGE
GC-P3-C3-T11-N13,512,1,1,STORAGE
GC-P3-C3-T11-N12,511,1,1,STORAGE
GC-P3-C3-T11-N11,510,1,1,STORAGE
GC-P3-C3-T11-N10,509,1,1,STORAGE
GC-P3-C3-T11-N1,508,1,1,STORAGE
GC-P3-C3-T10-N9,507,1,1,STORAGE
GC-P3-C3-T10-N8,506,1,1,STORAGE
GC-P3-C3-T10-N7,505,1,1,STORAGE
GC-P3-C3-T10-N6,504,1,1,STORAGE
GC-P3-C3-T10-N5,503,1,1,STORAGE
GC-P3-C3-T10-N4,502,1,1,STORAGE
GC-P3-C3-T10-N3,501,1,1,STORAGE
GC-P3-C3-T10-N2,500,1,1,STORAGE
GC-P3-C3-T10-N14,499,1,1,STORAGE
GC-P3-C3-T10-N13,498,1,1,STORAGE
GC-P3-C3-T10-N12,497,1,1,STORAGE
GC-P3-C3-T10-N11,496,1,1,STORAGE
GC-P3-C3-T10-N10,495,1,1,STORAGE
GC-P3-C3-T10-N1,494,1,1,STORAGE
GC-P3-C3-T09-N9,493,1,1,STORAGE
GC-P3-C3-T09-N8,492,1,1,STORAGE
GC-P3-C3-T09-N7,491,1,1,STORAGE
GC-P3-C3-T09-N6,490,1,1,STORAGE
GC-P3-C3-T09-N5,489,1,1,STORAGE
GC-P3-C3-T09-N4,488,1,1,STORAGE
GC-P3-C3-T09-N3,487,1,1,STORAGE
GC-P3-C3-T09-N2,486,1,1,STORAGE
GC-P3-C3-T09-N12,485,1,1,STORAGE
GC-P3-C3-T09-N11,484,1,1,STORAGE
GC-P3-C3-T09-N10,483,1,1,STORAGE
GC-P3-C3-T09-N1,482,1,1,STORAGE
GC-P3-C3-T08-N9,481,1,1,STORAGE
GC-P3-C3-T08-N8,480,1,1,STORAGE
GC-P3-C3-T08-N7,479,1,1,STORAGE
GC-P3-C3-T08-N6,478,1,1,STORAGE
GC-P3-C3-T08-N5,477,1,1,STORAGE
GC-P3-C3-T08-N4,476,1,1,STORAGE
GC-P3-C3-T08-N3,475,1,1,STORAGE
GC-P3-C3-T08-N2,474,1,1,STORAGE
GC-P3-C3-T08-N11,473,1,1,STORAGE
GC-P3-C3-T08-N10,472,1,1,STORAGE
GC-P3-C3-T08-N1,471,1,1,STORAGE
GC-P3-C3-T07-N9,470,1,1,STORAGE
GC-P3-C3-T07-N8,469,1,1,STORAGE
GC-P3-C3-T07-N7,468,1,1,STORAGE
GC-P3-C3-T07-N6,467,1,1,STORAGE
GC-P3-C3-T07-N5,466,1,1,STORAGE
GC-P3-C3-T07-N4,465,1,1,STORAGE
GC-P3-C3-T07-N3,464,1,1,STORAGE
GC-P3-C3-T07-N2,463,1,1,STORAGE
GC-P3-C3-T07-N12,462,1,1,STORAGE
GC-P3-C3-T07-N11,461,1,1,STORAGE
GC-P3-C3-T07-N10,460,1,1,STORAGE
GC-P3-C3-T07-N1,459,1,1,STORAGE
GC-P3-C3-T06-N9,458,1,1,STORAGE
GC-P3-C3-T06-N8,457,1,1,STORAGE
GC-P3-C3-T06-N7,456,1,1,STORAGE
GC-P3-C3-T06-N6,455,1,1,STORAGE
GC-P3-C3-T06-N5,454,1,1,STORAGE
GC-P3-C3-T06-N4,453,1,1,STORAGE
GC-P3-C3-T06-N3,452,1,1,STORAGE
GC-P3-C3-T06-N2,451,1,1,STORAGE
GC-P3-C3-T06-N11,450,1,1,STORAGE
GC-P3-C3-T06-N10,449,1,1,STORAGE
GC-P3-C3-T06-N1,448,1,1,STORAGE
GC-P3-C3-T05-N9,447,1,1,STORAGE
GC-P3-C3-T05-N8,446,1,1,STORAGE
GC-P3-C3-T05-N7,445,1,1,STORAGE
GC-P3-C3-T05-N6,444,1,1,STORAGE
GC-P3-C3-T05-N5,443,1,1,STORAGE
GC-P3-C3-T05-N4,442,1,1,STORAGE
GC-P3-C3-T05-N3,441,1,1,STORAGE
GC-P3-C3-T05-N2,440,1,1,STORAGE
GC-P3-C3-T05-N10,439,1,1,STORAGE
GC-P3-C3-T05-N1,438,1,1,STORAGE
GC-P3-C3-T04-N8,437,1,1,STORAGE
GC-P3-C3-T04-N7,436,1,1,STORAGE
GC-P3-C3-T04-N6,435,1,1,STORAGE
GC-P3-C3-T04-N5,434,1,1,STORAGE
GC-P3-C3-T04-N4,433,1,1,STORAGE
GC-P3-C3-T04-N3,432,1,1,STORAGE
GC-P3-C3-T04-N2,431,1,1,STORAGE
GC-P3-C3-T04-N1,430,1,1,STORAGE
GC-P3-C3-T03-N6,429,1,1,STORAGE
GC-P3-C3-T03-N5,428,1,1,STORAGE
GC-P3-C3-T03-N4,427,1,1,STORAGE
GC-P3-C3-T03-N3,426,1,1,STORAGE
GC-P3-C3-T03-N2,425,1,1,STORAGE
GC-P3-C3-T03-N1,424,1,1,STORAGE
GC-P3-C3-T02-N9,423,1,1,STORAGE
GC-P3-C3-T02-N8,422,1,1,STORAGE
GC-P3-C3-T02-N7,421,1,1,STORAGE
GC-P3-C3-T02-N6,420,1,1,STORAGE
GC-P3-C3-T02-N5,419,1,1,STORAGE
GC-P3-C3-T02-N4,418,1,1,STORAGE
GC-P3-C3-T02-N3,417,1,1,STORAGE
GC-P3-C3-T02-N25,416,1,1,STORAGE
GC-P3-C3-T02-N24,415,1,1,STORAGE
GC-P3-C3-T02-N23,414,1,1,STORAGE
GC-P3-C3-T02-N22,413,1,1,STORAGE
GC-P3-C3-T02-N21,412,1,1,STORAGE
GC-P3-C3-T02-N20,411,1,1,STORAGE
GC-P3-C3-T02-N2,410,1,1,STORAGE
GC-P3-C3-T02-N19,409,1,1,STORAGE
GC-P3-C3-T02-N18,408,1,1,STORAGE
GC-P3-C3-T02-N17,407,1,1,STORAGE
GC-P3-C3-T02-N16,406,1,1,STORAGE
GC-P3-C3-T02-N15,405,1,1,STORAGE
GC-P3-C3-T02-N14,404,1,1,STORAGE
GC-P3-C3-T02-N13,403,1,1,STORAGE
GC-P3-C3-T02-N12,402,1,1,STORAGE
GC-P3-C3-T02-N11,401,1,1,STORAGE
GC-P3-C3-T02-N10,400,1,1,STORAGE
GC-P3-C3-T02-N1,399,1,1,STORAGE
GC-P3-C3-T01-N4,398,1,1,STORAGE
GC-P3-C3-T01-N3,397,1,1,STORAGE
GC-P3-C3-T01-N2,396,1,1,STORAGE
GC-P3-C3-T01-N1,395,1,1,STORAGE
GC-P3-C3-RECEPCION,394,1,1,RECEIVING
GC-P3-C3-PA-06,393,1,1,STORAGE
GC-P3-C3-PA-05,392,1,1,STORAGE
GC-P3-C3-PA-04,391,1,1,STORAGE
GC-P3-C3-PA-03,390,1,1,STORAGE
GC-P3-C3-PA-02,389,1,1,STORAGE
GC-P3-C3-PA-01,388,1,1,STORAGE
GC-P3-C2-T08-N9,387,1,1,STORAGE
GC-P3-C2-T08-N8,386,1,1,STORAGE
GC-P3-C2-T08-N7,385,1,1,STORAGE
GC-P3-C2-T08-N6,384,1,1,STORAGE
GC-P3-C2-T08-N5,383,1,1,STORAGE
GC-P3-C2-T08-N4,382,1,1,STORAGE
GC-P3-C2-T08-N3,381,1,1,STORAGE
GC-P3-C2-T08-N21,380,1,1,STORAGE
GC-P3-C2-T08-N20,379,1,1,STORAGE
GC-P3-C2-T08-N2,378,1,1,STORAGE
GC-P3-C2-T08-N19,377,1,1,STORAGE
GC-P3-C2-T08-N18,376,1,1,STORAGE
GC-P3-C2-T08-N17,375,1,1,STORAGE
GC-P3-C2-T08-N16,374,1,1,STORAGE
GC-P3-C2-T08-N15,373,1,1,STORAGE
GC-P3-C2-T08-N14,372,1,1,STORAGE
GC-P3-C2-T08-N13,371,1,1,STORAGE
GC-P3-C2-T08-N12,370,1,1,STORAGE
GC-P3-C2-T08-N11,369,1,1,STORAGE
GC-P3-C2-T08-N10,368,1,1,STORAGE
GC-P3-C2-T08-N1,367,1,1,STORAGE
GC-P3-C2-T07-N9,366,1,1,STORAGE
GC-P3-C2-T07-N8,365,1,1,STORAGE
GC-P3-C2-T07-N7,364,1,1,STORAGE
GC-P3-C2-T07-N6,363,1,1,STORAGE
GC-P3-C2-T07-N5,362,1,1,STORAGE
GC-P3-C2-T07-N4,361,1,1,STORAGE
GC-P3-C2-T07-N3,360,1,1,STORAGE
GC-P3-C2-T07-N2,359,1,1,STORAGE
GC-P3-C2-T07-N13,358,1,1,STORAGE
GC-P3-C2-T07-N12,357,1,1,STORAGE
GC-P3-C2-T07-N11,356,1,1,STORAGE
GC-P3-C2-T07-N10,355,1,1,STORAGE
GC-P3-C2-T07-N1,354,1,1,STORAGE
GC-P3-C2-T06-N9,353,1,1,STORAGE
GC-P3-C2-T06-N8,352,1,1,STORAGE
GC-P3-C2-T06-N7,351,1,1,STORAGE
GC-P3-C2-T06-N6,350,1,1,STORAGE
GC-P3-C2-T06-N5,349,1,1,STORAGE
GC-P3-C2-T06-N4,348,1,1,STORAGE
GC-P3-C2-T06-N30,347,1,1,STORAGE
GC-P3-C2-T06-N3,346,1,1,STORAGE
GC-P3-C2-T06-N29,345,1,1,STORAGE
GC-P3-C2-T06-N28,344,1,1,STORAGE
GC-P3-C2-T06-N27,343,1,1,STORAGE
GC-P3-C2-T06-N26,342,1,1,STORAGE
GC-P3-C2-T06-N25,341,1,1,STORAGE
GC-P3-C2-T06-N24,340,1,1,STORAGE
GC-P3-C2-T06-N23,339,1,1,STORAGE
GC-P3-C2-T06-N22,338,1,1,STORAGE
GC-P3-C2-T06-N21,337,1,1,STORAGE
GC-P3-C2-T06-N20,336,1,1,STORAGE
GC-P3-C2-T06-N2,335,1,1,STORAGE
GC-P3-C2-T06-N19,334,1,1,STORAGE
GC-P3-C2-T06-N18,333,1,1,STORAGE
GC-P3-C2-T06-N17,332,1,1,STORAGE
GC-P3-C2-T06-N16,331,1,1,STORAGE
GC-P3-C2-T06-N15,330,1,1,STORAGE
GC-P3-C2-T06-N14,329,1,1,STORAGE
GC-P3-C2-T06-N13,328,1,1,STORAGE
GC-P3-C2-T06-N12,327,1,1,STORAGE
GC-P3-C2-T06-N11,326,1,1,STORAGE
GC-P3-C2-T06-N10,325,1,1,STORAGE
GC-P3-C2-T06-N1,324,1,1,STORAGE
GC-P3-C2-T05-N9,323,1,1,STORAGE
GC-P3-C2-T05-N8,322,1,1,STORAGE
GC-P3-C2-T05-N7,321,1,1,STORAGE
GC-P3-C2-T05-N6,320,1,1,STORAGE
GC-P3-C2-T05-N5,319,1,1,STORAGE
GC-P3-C2-T05-N4,318,1,1,STORAGE
GC-P3-C2-T05-N38,317,1,1,STORAGE
GC-P3-C2-T05-N37,316,1,1,STORAGE
GC-P3-C2-T05-N36,315,1,1,STORAGE
GC-P3-C2-T05-N35,314,1,1,STORAGE
GC-P3-C2-T05-N34,313,1,1,STORAGE
GC-P3-C2-T05-N33,312,1,1,STORAGE
GC-P3-C2-T05-N32,311,1,1,STORAGE
GC-P3-C2-T05-N31,310,1,1,STORAGE
GC-P3-C2-T05-N30,309,1,1,STORAGE
GC-P3-C2-T05-N3,308,1,1,STORAGE
GC-P3-C2-T05-N29,307,1,1,STORAGE
GC-P3-C2-T05-N28,306,1,1,STORAGE
GC-P3-C2-T05-N27,305,1,1,STORAGE
GC-P3-C2-T05-N26,304,1,1,STORAGE
GC-P3-C2-T05-N25,303,1,1,STORAGE
GC-P3-C2-T05-N24,302,1,1,STORAGE
GC-P3-C2-T05-N23,301,1,1,STORAGE
GC-P3-C2-T05-N22,300,1,1,STORAGE
GC-P3-C2-T05-N21,299,1,1,STORAGE
GC-P3-C2-T05-N20,298,1,1,STORAGE
GC-P3-C2-T05-N2,297,1,1,STORAGE
GC-P3-C2-T05-N19,296,1,1,STORAGE
GC-P3-C2-T05-N18,295,1,1,STORAGE
GC-P3-C2-T05-N17,294,1,1,STORAGE
GC-P3-C2-T05-N16,293,1,1,STORAGE
GC-P3-C2-T05-N15,292,1,1,STORAGE
GC-P3-C2-T05-N14,291,1,1,STORAGE
GC-P3-C2-T05-N13,290,1,1,STORAGE
GC-P3-C2-T05-N12,289,1,1,STORAGE
GC-P3-C2-T05-N11,288,1,1,STORAGE
GC-P3-C2-T05-N10,287,1,1,STORAGE
GC-P3-C2-T05-N1,286,1,1,STORAGE
GC-P3-C2-T04-N9,285,1,1,STORAGE
GC-P3-C2-T04-N8,284,1,1,STORAGE
GC-P3-C2-T04-N7,283,1,1,STORAGE
GC-P3-C2-T04-N6,282,1,1,STORAGE
GC-P3-C2-T04-N5,281,1,1,STORAGE
GC-P3-C2-T04-N4,280,1,1,STORAGE
GC-P3-C2-T04-N3,279,1,1,STORAGE
GC-P3-C2-T04-N28,278,1,1,STORAGE
GC-P3-C2-T04-N27,277,1,1,STORAGE
GC-P3-C2-T04-N26,276,1,1,STORAGE
GC-P3-C2-T04-N25,275,1,1,STORAGE
GC-P3-C2-T04-N24,274,1,1,STORAGE
GC-P3-C2-T04-N23,273,1,1,STORAGE
GC-P3-C2-T04-N22,272,1,1,STORAGE
GC-P3-C2-T04-N21,271,1,1,STORAGE
GC-P3-C2-T04-N20,270,1,1,STORAGE
GC-P3-C2-T04-N2,269,1,1,STORAGE
GC-P3-C2-T04-N19,268,1,1,STORAGE
GC-P3-C2-T04-N18,267,1,1,STORAGE
GC-P3-C2-T04-N17,266,1,1,STORAGE
GC-P3-C2-T04-N16,265,1,1,STORAGE
GC-P3-C2-T04-N15,264,1,1,STORAGE
GC-P3-C2-T04-N14,263,1,1,STORAGE
GC-P3-C2-T04-N13,262,1,1,STORAGE
GC-P3-C2-T04-N12,261,1,1,STORAGE
GC-P3-C2-T04-N11,260,1,1,STORAGE
GC-P3-C2-T04-N10,259,1,1,STORAGE
GC-P3-C2-T04-N1,258,1,1,STORAGE
GC-P3-C2-T03-N9,257,1,1,STORAGE
GC-P3-C2-T03-N8,256,1,1,STORAGE
GC-P3-C2-T03-N7,255,1,1,STORAGE
GC-P3-C2-T03-N6,254,1,1,STORAGE
GC-P3-C2-T03-N5,253,1,1,STORAGE
GC-P3-C2-T03-N4,252,1,1,STORAGE
GC-P3-C2-T03-N3,251,1,1,STORAGE
GC-P3-C2-T03-N24,250,1,1,STORAGE
GC-P3-C2-T03-N23,249,1,1,STORAGE
GC-P3-C2-T03-N22,248,1,1,STORAGE
GC-P3-C2-T03-N21,247,1,1,STORAGE
GC-P3-C2-T03-N20,246,1,1,STORAGE
GC-P3-C2-T03-N2,245,1,1,STORAGE
GC-P3-C2-T03-N19,244,1,1,STORAGE
GC-P3-C2-T03-N18,243,1,1,STORAGE
GC-P3-C2-T03-N17,242,1,1,STORAGE
GC-P3-C2-T03-N16,241,1,1,STORAGE
GC-P3-C2-T03-N15,240,1,1,STORAGE
GC-P3-C2-T03-N14,239,1,1,STORAGE
GC-P3-C2-T03-N13,238,1,1,STORAGE
GC-P3-C2-T03-N12,237,1,1,STORAGE
GC-P3-C2-T03-N11,236,1,1,STORAGE
GC-P3-C2-T03-N10,235,1,1,STORAGE
GC-P3-C2-T03-N1,234,1,1,STORAGE
GC-P3-C2-T02-N9,233,1,1,STORAGE
GC-P3-C2-T02-N8,232,1,1,STORAGE
GC-P3-C2-T02-N7,231,1,1,STORAGE
GC-P3-C2-T02-N6,230,1,1,STORAGE
GC-P3-C2-T02-N5,229,1,1,STORAGE
GC-P3-C2-T02-N48,228,1,1,STORAGE
GC-P3-C2-T02-N47,227,1,1,STORAGE
GC-P3-C2-T02-N46,226,1,1,STORAGE
GC-P3-C2-T02-N45,225,1,1,STORAGE
GC-P3-C2-T02-N44,224,1,1,STORAGE
GC-P3-C2-T02-N43,223,1,1,STORAGE
GC-P3-C2-T02-N42,222,1,1,STORAGE
GC-P3-C2-T02-N41,221,1,1,STORAGE
GC-P3-C2-T02-N40,220,1,1,STORAGE
GC-P3-C2-T02-N4,219,1,1,STORAGE
GC-P3-C2-T02-N39,218,1,1,STORAGE
GC-P3-C2-T02-N38,217,1,1,STORAGE
GC-P3-C2-T02-N37,216,1,1,STORAGE
GC-P3-C2-T02-N36,215,1,1,STORAGE
GC-P3-C2-T02-N35,214,1,1,STORAGE
GC-P3-C2-T02-N34,213,1,1,STORAGE
GC-P3-C2-T02-N33,212,1,1,STORAGE
GC-P3-C2-T02-N32,211,1,1,STORAGE
GC-P3-C2-T02-N31,210,1,1,STORAGE
GC-P3-C2-T02-N30,209,1,1,STORAGE
GC-P3-C2-T02-N3,208,1,1,STORAGE
GC-P3-C2-T02-N29,207,1,1,STORAGE
GC-P3-C2-T02-N28,206,1,1,STORAGE
GC-P3-C2-T02-N27,205,1,1,STORAGE
GC-P3-C2-T02-N26,204,1,1,STORAGE
GC-P3-C2-T02-N25,203,1,1,STORAGE
GC-P3-C2-T02-N24,202,1,1,STORAGE
GC-P3-C2-T02-N23,201,1,1,STORAGE
GC-P3-C2-T02-N22,200,1,1,STORAGE
GC-P3-C2-T02-N21,199,1,1,STORAGE
GC-P3-C2-T02-N20,198,1,1,STORAGE
GC-P3-C2-T02-N2,197,1,1,STORAGE
GC-P3-C2-T02-N19,196,1,1,STORAGE
GC-P3-C2-T02-N18,195,1,1,STORAGE
GC-P3-C2-T02-N17,194,1,1,STORAGE
GC-P3-C2-T02-N16,193,1,1,STORAGE
GC-P3-C2-T02-N15,192,1,1,STORAGE
GC-P3-C2-T02-N14,191,1,1,STORAGE
GC-P3-C2-T02-N13,190,1,1,STORAGE
GC-P3-C2-T02-N12,189,1,1,STORAGE
GC-P3-C2-T02-N11,188,1,1,STORAGE
GC-P3-C2-T02-N10,187,1,1,STORAGE
GC-P3-C2-T02-N1,186,1,1,STORAGE
GC-P3-C2-T01-N9,185,1,1,STORAGE
GC-P3-C2-T01-N8,184,1,1,STORAGE
GC-P3-C2-T01-N7,183,1,1,STORAGE
GC-P3-C2-T01-N6,182,1,1,STORAGE
GC-P3-C2-T01-N5,181,1,1,STORAGE
GC-P3-C2-T01-N4,180,1,1,STORAGE
GC-P3-C2-T01-N3,179,1,1,STORAGE
GC-P3-C2-T01-N24,178,1,1,STORAGE
GC-P3-C2-T01-N23,177,1,1,STORAGE
GC-P3-C2-T01-N22,176,1,1,STORAGE
GC-P3-C2-T01-N21,175,1,1,STORAGE
GC-P3-C2-T01-N20,174,1,1,STORAGE
GC-P3-C2-T01-N2,173,1,1,STORAGE
GC-P3-C2-T01-N19,172,1,1,STORAGE
GC-P3-C2-T01-N18,171,1,1,STORAGE
GC-P3-C2-T01-N17,170,1,1,STORAGE
GC-P3-C2-T01-N16,169,1,1,STORAGE
GC-P3-C2-T01-N15,168,1,1,STORAGE
GC-P3-C2-T01-N14,167,1,1,STORAGE
GC-P3-C2-T01-N13,166,1,1,STORAGE
GC-P3-C2-T01-N12,165,1,1,STORAGE
GC-P3-C2-T01-N11,164,1,1,STORAGE
GC-P3-C2-T01-N10,163,1,1,STORAGE
GC-P3-C2-T01-N1,162,1,1,STORAGE
GC-P3-C1-T05-N9,161,1,1,STORAGE
GC-P3-C1-T05-N8,160,1,1,STORAGE
GC-P3-C1-T05-N7,159,1,1,STORAGE
GC-P3-C1-T05-N6,158,1,1,STORAGE
GC-P3-C1-T05-N5,157,1,1,STORAGE
GC-P3-C1-T05-N4,156,1,1,STORAGE
GC-P3-C1-T05-N3,155,1,1,STORAGE
GC-P3-C1-T05-N27,154,1,1,STORAGE
GC-P3-C1-T05-N26,153,1,1,STORAGE
GC-P3-C1-T05-N25,152,1,1,STORAGE
GC-P3-C1-T05-N24,151,1,1,STORAGE
GC-P3-C1-T05-N23,150,1,1,STORAGE
GC-P3-C1-T05-N22,149,1,1,STORAGE
GC-P3-C1-T05-N21,148,1,1,STORAGE
GC-P3-C1-T05-N20,147,1,1,STORAGE
GC-P3-C1-T05-N2,146,1,1,STORAGE
GC-P3-C1-T05-N19,145,1,1,STORAGE
GC-P3-C1-T05-N18,144,1,1,STORAGE
GC-P3-C1-T05-N17,143,1,1,STORAGE
GC-P3-C1-T05-N16,142,1,1,STORAGE
GC-P3-C1-T05-N15,141,1,1,STORAGE
GC-P3-C1-T05-N14,140,1,1,STORAGE
GC-P3-C1-T05-N13,139,1,1,STORAGE
GC-P3-C1-T05-N12,138,1,1,STORAGE
GC-P3-C1-T05-N11,137,1,1,STORAGE
GC-P3-C1-T05-N10,136,1,1,STORAGE
GC-P3-C1-T05-N1,135,1,1,STORAGE
GC-P3-C1-T04-N9,134,1,1,STORAGE
GC-P3-C1-T04-N8,133,1,1,STORAGE
GC-P3-C1-T04-N7,132,1,1,STORAGE
GC-P3-C1-T04-N6,131,1,1,STORAGE
GC-P3-C1-T04-N5,130,1,1,STORAGE
GC-P3-C1-T04-N4,129,1,1,STORAGE
GC-P3-C1-T04-N3,128,1,1,STORAGE
GC-P3-C1-T04-N24,127,1,1,STORAGE
GC-P3-C1-T04-N23,126,1,1,STORAGE
GC-P3-C1-T04-N22,125,1,1,STORAGE
GC-P3-C1-T04-N21,124,1,1,STORAGE
GC-P3-C1-T04-N20,123,1,1,STORAGE
GC-P3-C1-T04-N2,122,1,1,STORAGE
GC-P3-C1-T04-N19,121,1,1,STORAGE
GC-P3-C1-T04-N18,120,1,1,STORAGE
GC-P3-C1-T04-N17,119,1,1,STORAGE
GC-P3-C1-T04-N16,118,1,1,STORAGE
GC-P3-C1-T04-N15,117,1,1,STORAGE
GC-P3-C1-T04-N14,116,1,1,STORAGE
GC-P3-C1-T04-N13,115,1,1,STORAGE
GC-P3-C1-T04-N12,114,1,1,STORAGE
GC-P3-C1-T04-N11,113,1,1,STORAGE
GC-P3-C1-T04-N10,112,1,1,STORAGE
GC-P3-C1-T04-N1,111,1,1,STORAGE
GC-P3-C1-T03-N9,110,1,1,STORAGE
GC-P3-C1-T03-N8,109,1,1,STORAGE
GC-P3-C1-T03-N7,108,1,1,STORAGE
GC-P3-C1-T03-N6,107,1,1,STORAGE
GC-P3-C1-T03-N5,106,1,1,STORAGE
GC-P3-C1-T03-N4,105,1,1,STORAGE
GC-P3-C1-T03-N3,104,1,1,STORAGE
GC-P3-C1-T03-N2,103,1,1,STORAGE
GC-P3-C1-T03-N14,102,1,1,STORAGE
GC-P3-C1-T03-N13,101,1,1,STORAGE
GC-P3-C1-T03-N12,100,1,1,STORAGE
GC-P3-C1-T03-N11,99,1,1,STORAGE
GC-P3-C1-T03-N10,98,1,1,STORAGE
GC-P3-C1-T03-N1,97,1,1,STORAGE
GC-P3-C1-T02-N9,96,1,1,STORAGE
GC-P3-C1-T02-N8,95,1,1,STORAGE
GC-P3-C1-T02-N7,94,1,1,STORAGE
GC-P3-C1-T02-N6,93,1,1,STORAGE
GC-P3-C1-T02-N5,92,1,1,STORAGE
GC-P3-C1-T02-N4,91,1,1,STORAGE
GC-P3-C1-T02-N3,90,1,1,STORAGE
GC-P3-C1-T02-N27,89,1,1,STORAGE
GC-P3-C1-T02-N26,88,1,1,STORAGE
GC-P3-C1-T02-N25,87,1,1,STORAGE
GC-P3-C1-T02-N24,86,1,1,STORAGE
GC-P3-C1-T02-N23,85,1,1,STORAGE
GC-P3-C1-T02-N22,84,1,1,STORAGE
GC-P3-C1-T02-N21,83,1,1,STORAGE
GC-P3-C1-T02-N20,82,1,1,STORAGE
GC-P3-C1-T02-N2,81,1,1,STORAGE
GC-P3-C1-T02-N19,80,1,1,STORAGE
GC-P3-C1-T02-N18,79,1,1,STORAGE
GC-P3-C1-T02-N17,78,1,1,STORAGE
GC-P3-C1-T02-N16,77,1,1,STORAGE
GC-P3-C1-T02-N15,76,1,1,STORAGE
GC-P3-C1-T02-N14,75,1,1,STORAGE
GC-P3-C1-T02-N13,74,1,1,STORAGE
GC-P3-C1-T02-N12,73,1,1,STORAGE
GC-P3-C1-T02-N11,72,1,1,STORAGE
GC-P3-C1-T02-N10,71,1,1,STORAGE
GC-P3-C1-T02-N1,70,1,1,STORAGE
GC-P3-C1-T01-N9,69,1,1,STORAGE
GC-P3-C1-T01-N8,68,1,1,STORAGE
GC-P3-C1-T01-N7,67,1,1,STORAGE
GC-P3-C1-T01-N6,66,1,1,STORAGE
GC-P3-C1-T01-N5,65,1,1,STORAGE
GC-P3-C1-T01-N4,64,1,1,STORAGE
GC-P3-C1-T01-N3,63,1,1,STORAGE
GC-P3-C1-T01-N2,62,1,1,STORAGE
GC-P3-C1-T01-N16,61,1,1,STORAGE
GC-P3-C1-T01-N15,60,1,1,STORAGE
GC-P3-C1-T01-N14,59,1,1,STORAGE
GC-P3-C1-T01-N13,58,1,1,STORAGE
GC-P3-C1-T01-N12,57,1,1,STORAGE
GC-P3-C1-T01-N11,56,1,1,STORAGE
GC-P3-C1-T01-N10,55,1,1,STORAGE
GC-P3-C1-T01-N1,54,1,1,STORAGE
GC-P2-T05-N1,53,1,1,STORAGE
GC-P2-T04-N9,52,1,1,STORAGE
GC-P2-T04-N8,51,1,1,STORAGE
GC-P2-T04-N7,50,1,1,STORAGE
GC-P2-T04-N6,49,1,1,STORAGE
GC-P2-T04-N5,48,1,1,STORAGE
GC-P2-T04-N4,47,1,1,STORAGE
GC-P2-T04-N3,46,1,1,STORAGE
GC-P2-T04-N2,45,1,1,STORAGE
GC-P2-T04-N10,44,1,1,STORAGE
GC-P2-T04-N1,43,1,1,STORAGE
GC-P2-T03-N1,42,1,1,STORAGE
GC-P2-T02-N9,41,1,1,STORAGE
GC-P2-T02-N8,40,1,1,STORAGE
GC-P2-T02-N7,39,1,1,STORAGE
GC-P2-T02-N6,38,1,1,STORAGE
GC-P2-T02-N5,37,1,1,STORAGE
GC-P2-T02-N4,36,1,1,STORAGE
GC-P2-T02-N3,35,1,1,STORAGE
GC-P2-T02-N2,34,1,1,STORAGE
GC-P2-T02-N10,33,1,1,STORAGE
GC-P2-T02-N1,32,1,1,STORAGE
GC-P2-T01-N4,31,1,1,STORAGE
GC-P2-T01-N3,30,1,1,STORAGE
GC-P2-T01-N2,29,1,1,STORAGE
GC-P2-T01-N1,28,1,1,STORAGE
GC-P2-PI-05,27,1,1,STORAGE
GC-P2-PI-04,26,1,1,STORAGE
GC-P2-PI-03,25,1,1,STORAGE
GC-P2-PI-02,24,1,1,STORAGE
GC-P2-PI-01,23,1,1,STORAGE
GC-P1-T02-PI,22,1,1,STORAGE
GC-P1-T02-N9,21,1,1,STORAGE
GC-P1-T02-N8,20,1,1,STORAGE
GC-P1-T02-N7,19,1,1,STORAGE
GC-P1-T02-N6,18,1,1,STORAGE
GC-P1-T02-N5,17,1,1,STORAGE
GC-P1-T02-N4,16,1,1,STORAGE
GC-P1-T02-N3,15,1,1,STORAGE
GC-P1-T02-N2,14,1,1,STORAGE
GC-P1-T02-N1,13,1,1,STORAGE
GC-P1-T01-PI,12,1,1,STORAGE
GC-P1-T01-N9,11,1,1,STORAGE
GC-P1-T01-N8,10,1,1,STORAGE
GC-P1-T01-N7,9,1,1,STORAGE
GC-P1-T01-N6,8,1,1,STORAGE
GC-P1-T01-N5,7,1,1,STORAGE
GC-P1-T01-N4,6,1,1,STORAGE
GC-P1-T01-N3,5,1,1,STORAGE
GC-P1-T01-N2,4,1,1,STORAGE
GC-P1-T01-N10,3,1,1,STORAGE
GC-P1-T01-N1,2,1,1,STORAGE
GC-P1-RECEPCION,1,1,1,RECEIVING
